Bear,West
Bear,West
Bear,West
Bear,West
Bear,West
Bear,West
Bridal,NoCasc
Bridal,NoCasc
Bridal,NoCasc
Bridal,NoCasc
Bridal,NoCasc
Dowsett,West
Dowsett,West
Dowsett,West
Dowsett,West
Dowsett,West
Dowsett,West
Fishpond,East
Fishpond,East
Fishpond,East
Fishpond,East
Fishpond,East
Fishpond,East
Gabbert,West
Gabbert,West
Gabbert,West
Gabbert,West
Gabbert,West
Gabbert,West
Johnson,West
Johnson,West
Johnson,West
Johnson,West
KeelOver,South
Marmot,Hood
Marmot,Hood
Marmot,Hood
Marmot,Hood
Marmot,Hood
Oxbow,Oxbow
Oxbow,Oxbow
Oxbow,Oxbow
Oxbow,Oxbow
Oxbow,Oxbow
Oxbow,Oxbow
Palopa,East
Palopa,East
Palopa,East
Palopa,East
Palopa,East
Powell,West
Powell,West
Powell,West
Powell,West
Powell,West
Powell,West
Salmon,Salmon
Salmon,Salmon
Salmon,Salmon
Salmon,Salmon
Salmon,Salmon
TC,South
TC,South
TC,South
TT,NoCasc
Wildcat,Hood
Wildcat,Hood
Wildcat,Hood
Wildwood,Hood
Wildwood,Hood
Wildwood,Hood
